time,funding_rate,datetime_utc
1776326400,-6.4e-05,2026-04-16 08:00:00+00:00
1776355200,3.5e-05,2026-04-16 16:00:00+00:00
1776384000,6.7e-05,2026-04-17 00:00:00+00:00
1776412800,5.7e-05,2026-04-17 08:00:00+00:00
1776441600,-0.000196,2026-04-17 16:00:00+00:00
1776470400,-0.000345,2026-04-18 00:00:00+00:00
1776499200,-0.000215,2026-04-18 08:00:00+00:00
1776528000,-0.000108,2026-04-18 16:00:00+00:00
1776556800,-0.000132,2026-04-19 00:00:00+00:00
1776585600,-8.8e-05,2026-04-19 08:00:00+00:00
1776614400,-0.000139,2026-04-19 16:00:00+00:00
1776643200,8.6e-05,2026-04-20 00:00:00+00:00
1776672000,3e-06,2026-04-20 08:00:00+00:00
1776700800,3e-05,2026-04-20 16:00:00+00:00
1776729600,-0.00017,2026-04-21 00:00:00+00:00
1776758400,-0.000145,2026-04-21 08:00:00+00:00
1776787200,-1.3e-05,2026-04-21 16:00:00+00:00
1776816000,0.0001,2026-04-22 00:00:00+00:00
1776844800,-3.6e-05,2026-04-22 08:00:00+00:00
1776873600,-7.2e-05,2026-04-22 16:00:00+00:00
1776902400,4.8e-05,2026-04-23 00:00:00+00:00
1776931200,7.7e-05,2026-04-23 08:00:00+00:00
1776960000,7.2e-05,2026-04-23 16:00:00+00:00
1776988800,-9e-06,2026-04-24 00:00:00+00:00
1777017600,6.7e-05,2026-04-24 08:00:00+00:00
1777046400,4e-05,2026-04-24 16:00:00+00:00
1777075200,0.0001,2026-04-25 00:00:00+00:00
1777104000,1.2e-05,2026-04-25 08:00:00+00:00
1777132800,8.4e-05,2026-04-25 16:00:00+00:00
1777161600,0.0001,2026-04-26 00:00:00+00:00
1777190400,0.0001,2026-04-26 08:00:00+00:00
1777219200,5.9e-05,2026-04-26 16:00:00+00:00
1777248000,2.5e-05,2026-04-27 00:00:00+00:00
1777276800,3.9e-05,2026-04-27 08:00:00+00:00
1777305600,0.0001,2026-04-27 16:00:00+00:00
1777334400,1.2e-05,2026-04-28 00:00:00+00:00
1777363200,5.2e-05,2026-04-28 08:00:00+00:00
1777392000,8.7e-05,2026-04-28 16:00:00+00:00
1777420800,6.5e-05,2026-04-29 00:00:00+00:00
1777449600,6e-05,2026-04-29 08:00:00+00:00
1777478400,0.0001,2026-04-29 16:00:00+00:00
1777507200,0.0001,2026-04-30 00:00:00+00:00
1777536000,3.3e-05,2026-04-30 08:00:00+00:00
1777564800,-1.9e-05,2026-04-30 16:00:00+00:00
1777593600,1e-05,2026-05-01 00:00:00+00:00
1777622400,4e-06,2026-05-01 08:00:00+00:00
1777651200,-7.9e-05,2026-05-01 16:00:00+00:00
1777680000,-8e-06,2026-05-02 00:00:00+00:00
1777708800,5.1e-05,2026-05-02 08:00:00+00:00
1777737600,2.5e-05,2026-05-02 16:00:00+00:00
1777766400,7.6e-05,2026-05-03 00:00:00+00:00
1777795200,9.5e-05,2026-05-03 08:00:00+00:00
1777824000,3.6e-05,2026-05-03 16:00:00+00:00
1777852800,-9e-06,2026-05-04 00:00:00+00:00
1777881600,6e-06,2026-05-04 08:00:00+00:00
1777910400,-1.1e-05,2026-05-04 16:00:00+00:00
1777939200,-2.7e-05,2026-05-05 00:00:00+00:00
1777968000,-6.3e-05,2026-05-05 08:00:00+00:00
1777996800,-7.7e-05,2026-05-05 16:00:00+00:00
1778025600,6e-06,2026-05-06 00:00:00+00:00
1778054400,1.7e-05,2026-05-06 08:00:00+00:00
1778083200,4.1e-05,2026-05-06 16:00:00+00:00
1778112000,0.0001,2026-05-07 00:00:00+00:00
1778140800,0.0001,2026-05-07 08:00:00+00:00
1778169600,0.0001,2026-05-07 16:00:00+00:00
1778198400,0.0001,2026-05-08 00:00:00+00:00
1778227200,0.0001,2026-05-08 08:00:00+00:00
1778256000,0.0001,2026-05-08 16:00:00+00:00
1778284800,0.0001,2026-05-09 00:00:00+00:00
1778313600,0.0001,2026-05-09 08:00:00+00:00
1778342400,0.0001,2026-05-09 16:00:00+00:00
1778371200,0.0001,2026-05-10 00:00:00+00:00
1778400000,0.0001,2026-05-10 08:00:00+00:00
1778428800,0.0001,2026-05-10 16:00:00+00:00
1778457600,5.7e-05,2026-05-11 00:00:00+00:00
1778486400,0.0001,2026-05-11 08:00:00+00:00
1778515200,0.0001,2026-05-11 16:00:00+00:00
1778544000,0.0001,2026-05-12 00:00:00+00:00
1778572800,0.0001,2026-05-12 08:00:00+00:00
1778601600,0.0001,2026-05-12 16:00:00+00:00
1778630400,0.0001,2026-05-13 00:00:00+00:00
1778659200,0.0001,2026-05-13 08:00:00+00:00
1778688000,0.0001,2026-05-13 16:00:00+00:00
1778716800,0.0001,2026-05-14 00:00:00+00:00
1778745600,0.0001,2026-05-14 08:00:00+00:00
1778774400,0.0001,2026-05-14 16:00:00+00:00
1778803200,4.1e-05,2026-05-15 00:00:00+00:00
1778832000,0.0001,2026-05-15 08:00:00+00:00
1778860800,0.0001,2026-05-15 16:00:00+00:00
1778889600,0.0001,2026-05-16 00:00:00+00:00
1778918400,0.0001,2026-05-16 08:00:00+00:00
1778947200,0.0001,2026-05-16 16:00:00+00:00
1778976000,0.0001,2026-05-17 00:00:00+00:00
1779004800,0.0001,2026-05-17 08:00:00+00:00
1779033600,0.0001,2026-05-17 16:00:00+00:00
1779062400,0.0001,2026-05-18 00:00:00+00:00
1779091200,2.3e-05,2026-05-18 08:00:00+00:00
1779120000,4.9e-05,2026-05-18 16:00:00+00:00
1779148800,7.4e-05,2026-05-19 00:00:00+00:00
1779177600,7.2e-05,2026-05-19 08:00:00+00:00
1779206400,9.3e-05,2026-05-19 16:00:00+00:00
1779235200,0.0001,2026-05-20 00:00:00+00:00
1779264000,7.2e-05,2026-05-20 08:00:00+00:00
1779292800,7.4e-05,2026-05-20 16:00:00+00:00
1779321600,5.7e-05,2026-05-21 00:00:00+00:00
1779350400,5.8e-05,2026-05-21 08:00:00+00:00
1779379200,6.7e-05,2026-05-21 16:00:00+00:00
1779408000,3.5e-05,2026-05-22 00:00:00+00:00
1779436800,6.7e-05,2026-05-22 08:00:00+00:00
1779465600,0.0001,2026-05-22 16:00:00+00:00
1779494400,-1.6e-05,2026-05-23 00:00:00+00:00
1779523200,5.6e-05,2026-05-23 08:00:00+00:00
1779552000,-3.3e-05,2026-05-23 16:00:00+00:00
1779580800,4e-06,2026-05-24 00:00:00+00:00
1779609600,8.9e-05,2026-05-24 08:00:00+00:00
1779638400,7.2e-05,2026-05-24 16:00:00+00:00
1779667200,6.3e-05,2026-05-25 00:00:00+00:00
1779696000,5.8e-05,2026-05-25 08:00:00+00:00
1779724800,1e-06,2026-05-25 16:00:00+00:00
1779753600,4.1e-05,2026-05-26 00:00:00+00:00
1779782400,3.9e-05,2026-05-26 08:00:00+00:00
1779811200,4.6e-05,2026-05-26 16:00:00+00:00
1779840000,9e-05,2026-05-27 00:00:00+00:00
1779868800,3.1e-05,2026-05-27 08:00:00+00:00
1779897600,6.2e-05,2026-05-27 16:00:00+00:00
1779926400,8.2e-05,2026-05-28 00:00:00+00:00
1779955200,9.5e-05,2026-05-28 08:00:00+00:00
1779984000,3.6e-05,2026-05-28 16:00:00+00:00
1780012800,3.6e-05,2026-05-29 00:00:00+00:00
1780041600,8.6e-05,2026-05-29 08:00:00+00:00
1780070400,0.0001,2026-05-29 16:00:00+00:00
1780099200,7.9e-05,2026-05-30 00:00:00+00:00
1780128000,6.4e-05,2026-05-30 08:00:00+00:00
1780156800,2.9e-05,2026-05-30 16:00:00+00:00
1780185600,4.1e-05,2026-05-31 00:00:00+00:00
1780214400,2.5e-05,2026-05-31 08:00:00+00:00
1780243200,4.1e-05,2026-05-31 16:00:00+00:00
1780272000,0.0001,2026-06-01 00:00:00+00:00
1780300800,0.0001,2026-06-01 08:00:00+00:00
1780329600,0.0001,2026-06-01 16:00:00+00:00
1780358400,0.0001,2026-06-02 00:00:00+00:00
1780387200,7.3e-05,2026-06-02 08:00:00+00:00
1780416000,8e-05,2026-06-02 16:00:00+00:00
1780444800,5.8e-05,2026-06-03 00:00:00+00:00
1780473600,3.6e-05,2026-06-03 08:00:00+00:00
1780502400,3.1e-05,2026-06-03 16:00:00+00:00
1780531200,2.9e-05,2026-06-04 00:00:00+00:00
1780560000,-6e-06,2026-06-04 08:00:00+00:00
1780588800,-2.9e-05,2026-06-04 16:00:00+00:00
1780617600,1.2e-05,2026-06-05 00:00:00+00:00
1780646400,-2.6e-05,2026-06-05 08:00:00+00:00
1780675200,-8.4e-05,2026-06-05 16:00:00+00:00
1780704000,-7.4e-05,2026-06-06 00:00:00+00:00
1780732800,-7.9e-05,2026-06-06 08:00:00+00:00
1780761600,-1.7e-05,2026-06-06 16:00:00+00:00
1780790400,-3.6e-05,2026-06-07 00:00:00+00:00
1780819200,-8.3e-05,2026-06-07 08:00:00+00:00
1780848000,-5e-05,2026-06-07 16:00:00+00:00
1780876800,-2.6e-05,2026-06-08 00:00:00+00:00
1780905600,-4.6e-05,2026-06-08 08:00:00+00:00
1780934400,-2.1e-05,2026-06-08 16:00:00+00:00
1780963200,-8.7e-05,2026-06-09 00:00:00+00:00
1780992000,-6e-06,2026-06-09 08:00:00+00:00
1781020800,2.7e-05,2026-06-09 16:00:00+00:00
1781049600,-1.2e-05,2026-06-10 00:00:00+00:00
1781078400,-1.7e-05,2026-06-10 08:00:00+00:00
1781107200,-2.7e-05,2026-06-10 16:00:00+00:00
1781136000,-1e-06,2026-06-11 00:00:00+00:00
1781164800,-3.5e-05,2026-06-11 08:00:00+00:00
1781193600,-1e-05,2026-06-11 16:00:00+00:00
1781222400,3.1e-05,2026-06-12 00:00:00+00:00
1781251200,3.4e-05,2026-06-12 08:00:00+00:00
1781280000,1.7e-05,2026-06-12 16:00:00+00:00
1781308800,0.0001,2026-06-13 00:00:00+00:00
1781337600,0.0001,2026-06-13 08:00:00+00:00
1781366400,-7e-06,2026-06-13 16:00:00+00:00
1781395200,8.1e-05,2026-06-14 00:00:00+00:00
1781424000,5.5e-05,2026-06-14 08:00:00+00:00
1781452800,0.0001,2026-06-14 16:00:00+00:00
1781481600,9.8e-05,2026-06-15 00:00:00+00:00
1781510400,-8e-06,2026-06-15 08:00:00+00:00
1781539200,2e-06,2026-06-15 16:00:00+00:00
1781568000,7.8e-05,2026-06-16 00:00:00+00:00
1781596800,-5.8e-05,2026-06-16 08:00:00+00:00
1781625600,4.4e-05,2026-06-16 16:00:00+00:00
1781654400,5.5e-05,2026-06-17 00:00:00+00:00
1781683200,5.6e-05,2026-06-17 08:00:00+00:00
1781712000,-3.3e-05,2026-06-17 16:00:00+00:00
1781740800,-4e-06,2026-06-18 00:00:00+00:00
1781769600,1.8e-05,2026-06-18 08:00:00+00:00
1781798400,1.8e-05,2026-06-18 16:00:00+00:00
1781827200,2.1e-05,2026-06-19 00:00:00+00:00
1781856000,-2e-05,2026-06-19 08:00:00+00:00
1781884800,3.5e-05,2026-06-19 16:00:00+00:00
1781913600,-3.1e-05,2026-06-20 00:00:00+00:00
1781942400,1.1e-05,2026-06-20 08:00:00+00:00
1781971200,1.9e-05,2026-06-20 16:00:00+00:00
1782000000,4.5e-05,2026-06-21 00:00:00+00:00
1782028800,-1.2e-05,2026-06-21 08:00:00+00:00
1782057600,-6e-06,2026-06-21 16:00:00+00:00
1782086400,1.2e-05,2026-06-22 00:00:00+00:00
1782115200,2.7e-05,2026-06-22 08:00:00+00:00
1782144000,1.1e-05,2026-06-22 16:00:00+00:00
1782172800,4.9e-05,2026-06-23 00:00:00+00:00
1782201600,-3e-06,2026-06-23 08:00:00+00:00
1782230400,-3.8e-05,2026-06-23 16:00:00+00:00
1782259200,6e-05,2026-06-24 00:00:00+00:00
1782288000,2.4e-05,2026-06-24 08:00:00+00:00
1782316800,2.9e-05,2026-06-24 16:00:00+00:00
1782345600,2e-06,2026-06-25 00:00:00+00:00
1782374400,3e-06,2026-06-25 08:00:00+00:00
1782403200,-4.3e-05,2026-06-25 16:00:00+00:00
1782432000,-2e-06,2026-06-26 00:00:00+00:00
1782460800,-1.1e-05,2026-06-26 08:00:00+00:00
1782489600,2.6e-05,2026-06-26 16:00:00+00:00
1782518400,-2.9e-05,2026-06-27 00:00:00+00:00
1782547200,1.8e-05,2026-06-27 08:00:00+00:00
1782576000,7e-06,2026-06-27 16:00:00+00:00
1782604800,-4e-05,2026-06-28 00:00:00+00:00
1782633600,-3e-06,2026-06-28 08:00:00+00:00
1782662400,2.2e-05,2026-06-28 16:00:00+00:00
1782691200,1.8e-05,2026-06-29 00:00:00+00:00
1782720000,-1.5e-05,2026-06-29 08:00:00+00:00
1782748800,4.2e-05,2026-06-29 16:00:00+00:00
1782777600,2e-05,2026-06-30 00:00:00+00:00
1782806400,2.9e-05,2026-06-30 08:00:00+00:00
1782835200,7.1e-05,2026-06-30 16:00:00+00:00
1782864000,8.3e-05,2026-07-01 00:00:00+00:00
1782892800,7.6e-05,2026-07-01 08:00:00+00:00
1782921600,8e-06,2026-07-01 16:00:00+00:00
1782950400,1.6e-05,2026-07-02 00:00:00+00:00
1782979200,5.1e-05,2026-07-02 08:00:00+00:00
1783008000,4.4e-05,2026-07-02 16:00:00+00:00
1783036800,4.3e-05,2026-07-03 00:00:00+00:00
1783065600,8e-05,2026-07-03 08:00:00+00:00
1783094400,6.2e-05,2026-07-03 16:00:00+00:00
1783123200,7.4e-05,2026-07-04 00:00:00+00:00
1783152000,4.7e-05,2026-07-04 08:00:00+00:00
1783180800,3.4e-05,2026-07-04 16:00:00+00:00
1783209600,6e-05,2026-07-05 00:00:00+00:00
1783238400,8.1e-05,2026-07-05 08:00:00+00:00
1783267200,4.5e-05,2026-07-05 16:00:00+00:00
1783296000,3.5e-05,2026-07-06 00:00:00+00:00
1783324800,4.6e-05,2026-07-06 08:00:00+00:00
1783353600,4.9e-05,2026-07-06 16:00:00+00:00
1783382400,6.4e-05,2026-07-07 00:00:00+00:00
1783411200,3e-05,2026-07-07 08:00:00+00:00
1783440000,4.7e-05,2026-07-07 16:00:00+00:00
1783468800,5e-05,2026-07-08 00:00:00+00:00
1783497600,1.5e-05,2026-07-08 08:00:00+00:00
1783526400,5.3e-05,2026-07-08 16:00:00+00:00
1783555200,7.7e-05,2026-07-09 00:00:00+00:00
1783584000,1e-06,2026-07-09 08:00:00+00:00
1783612800,4.2e-05,2026-07-09 16:00:00+00:00
1783641600,3.5e-05,2026-07-10 00:00:00+00:00
1783670400,7e-06,2026-07-10 08:00:00+00:00
1783699200,1.3e-05,2026-07-10 16:00:00+00:00
1783728000,1.2e-05,2026-07-11 00:00:00+00:00
1783756800,-2.3e-05,2026-07-11 08:00:00+00:00
1783785600,-1.8e-05,2026-07-11 16:00:00+00:00
1783814400,-4e-06,2026-07-12 00:00:00+00:00
1783843200,1e-05,2026-07-12 08:00:00+00:00
1783872000,2.1e-05,2026-07-12 16:00:00+00:00
1783900800,4e-06,2026-07-13 00:00:00+00:00
1783929600,2.6e-05,2026-07-13 08:00:00+00:00
1783958400,5.2e-05,2026-07-13 16:00:00+00:00
1783987200,2e-05,2026-07-14 00:00:00+00:00
1784016000,-1.7e-05,2026-07-14 08:00:00+00:00
1784044800,6.9e-05,2026-07-14 16:00:00+00:00
1784073600,9e-06,2026-07-15 00:00:00+00:00
